round,userid,split_mode,accuracy,loss,f1,auroc,client,_requested_round
0,all,leave_n_out,0.7472918436703483,1.0227097749710083,0.2875953167444211,0.5622261794844046,UK_overall,
